文件路径,行号,URL,内容预览
"/Users/2dqy003/Projects/xuezhiai/frontend/dist/static/product-library/final_gallery.html",159,"https://aka.doubaocdn.com/s/Z0h91vjxpI","<img src=""https://aka.doubaocdn.com/s/Z0h91vjxpI""
"/Users/2dqy003/Projects/xuezhiai/frontend/dist/static/product-library/final_gallery.html",174,"https://aka.doubaocdn.com/s/g8U01vjxpH","<img src=""https://aka.doubaocdn.com/s/g8U01vjxpH""
"/Users/2dqy003/Projects/xuezhiai/frontend/dist/static/product-library/final_gallery.html",189,"https://aka.doubaocdn.com/s/1Ouj1vjxpI","<img src=""https://aka.doubaocdn.com/s/1Ouj1vjxpI""
"/Users/2dqy003/Projects/xuezhiai/frontend/dist/static/product-library/final_gallery.html",213,"https://aka.doubaocdn.com/s/8RSk1vjxsu","<img src=""https://aka.doubaocdn.com/s/8RSk1vjxsu""
"/Users/2dqy003/Projects/xuezhiai/frontend/dist/static/product-library/final_gallery.html",228,"https://aka.doubaocdn.com/s/e1nF1vjxpI","<img src=""https://aka.doubaocdn.com/s/e1nF1vjxpI""
"/Users/2dqy003/Projects/xuezhiai/frontend/dist/static/product-library/final_gallery.html",243,"https://aka.doubaocdn.com/s/IhD01vjxsu","<img src=""https://aka.doubaocdn.com/s/IhD01vjxsu""
"/Users/2dqy003/Projects/xuezhiai/frontend/dist/static/product-library/final_gallery.html",267,"https://aka.doubaocdn.com/s/Ytop1vjxsu","<img src=""https://aka.doubaocdn.com/s/Ytop1vjxsu""
"/Users/2dqy003/Projects/xuezhiai/frontend/dist/static/product-library/final_gallery.html",282,"https://aka.doubaocdn.com/s/Uy161vjxsv","<img src=""https://aka.doubaocdn.com/s/Uy161vjxsv""
"/Users/2dqy003/Projects/xuezhiai/frontend/dist/static/product-library/final_gallery.html",306,"https://aka.doubaocdn.com/s/pTfj1vjxsu","<img src=""https://aka.doubaocdn.com/s/pTfj1vjxsu""
"/Users/2dqy003/Projects/xuezhiai/frontend/dist/static/product-library/final_gallery.html",321,"https://aka.doubaocdn.com/s/f5531vjxpK","<img src=""https://aka.doubaocdn.com/s/f5531vjxpK""
"/Users/2dqy003/Projects/xuezhiai/frontend/dist/static/product-library/final_gallery.html",336,"https://aka.doubaocdn.com/s/5Ebr1vjxsv","<img src=""https://aka.doubaocdn.com/s/5Ebr1vjxsv""
"/Users/2dqy003/Projects/xuezhiai/frontend/dist/static/product-library/final_gallery.html",360,"https://aka.doubaocdn.com/s/2nJ91vjxpI","<img src=""https://aka.doubaocdn.com/s/2nJ91vjxpI""
"/Users/2dqy003/Projects/xuezhiai/frontend/dist/static/product-library/final_gallery.html",375,"https://aka.doubaocdn.com/s/XeTd1vjxkH","<img src=""https://aka.doubaocdn.com/s/XeTd1vjxkH""
"/Users/2dqy003/Projects/xuezhiai/frontend/dist/static/product-library/final_gallery.html",411,"https://aka.doubaocdn.com/s/is371vkcnz","<img src=""https://aka.doubaocdn.com/s/is371vkcnz""
"/Users/2dqy003/Projects/xuezhiai/frontend/dist/static/product-library/final_gallery.html",426,"https://aka.doubaocdn.com/s/GUgR1vkcno","<img src=""https://aka.doubaocdn.com/s/GUgR1vkcno""
"/Users/2dqy003/Projects/xuezhiai/frontend/dist/static/product-library/final_gallery.html",441,"https://aka.doubaocdn.com/s/w7m81vkcsz","<img src=""https://aka.doubaocdn.com/s/w7m81vkcsz""
"/Users/2dqy003/Projects/xuezhiai/frontend/dist/static/product-library/final_gallery.html",456,"https://aka.doubaocdn.com/s/bnnk1vkcsy","<img src=""https://aka.doubaocdn.com/s/bnnk1vkcsy""
"/Users/2dqy003/Projects/xuezhiai/frontend/dist/static/product-library/final_gallery.html",482,"https://aka.doubaocdn.com/s/paxw1vkcnq","<img src=""https://aka.doubaocdn.com/s/paxw1vkcnq""
"/Users/2dqy003/Projects/xuezhiai/frontend/dist/static/product-library/final_gallery.html",497,"https://aka.doubaocdn.com/s/L7gu1vkcnq","<img src=""https://aka.doubaocdn.com/s/L7gu1vkcnq""
"/Users/2dqy003/Projects/xuezhiai/frontend/dist/static/product-library/final_gallery.html",512,"https://aka.doubaocdn.com/s/DWVb1vkcsz","<img src=""https://aka.doubaocdn.com/s/DWVb1vkcsz""
"/Users/2dqy003/Projects/xuezhiai/frontend/dist/static/product-library/final_gallery.html",527,"https://aka.doubaocdn.com/s/qM301vkct0","<img src=""https://aka.doubaocdn.com/s/qM301vkct0""
"/Users/2dqy003/Projects/xuezhiai/frontend/dist/static/product-library/final_gallery.html",553,"https://aka.doubaocdn.com/s/Tx351vkcnv","<img src=""https://aka.doubaocdn.com/s/Tx351vkcnv""
"/Users/2dqy003/Projects/xuezhiai/frontend/dist/static/product-library/final_gallery.html",568,"https://aka.doubaocdn.com/s/TEKW1vkcnp","<img src=""https://aka.doubaocdn.com/s/TEKW1vkcnp""
"/Users/2dqy003/Projects/xuezhiai/frontend/dist/static/product-library/final_gallery.html",583,"https://aka.doubaocdn.com/s/RDyR1vkcsz","<img src=""https://aka.doubaocdn.com/s/RDyR1vkcsz""
"/Users/2dqy003/Projects/xuezhiai/frontend/dist/static/product-library/final_gallery.html",598,"https://aka.doubaocdn.com/s/8WXG1vkcsz","<img src=""https://aka.doubaocdn.com/s/8WXG1vkcsz""
"/Users/2dqy003/Projects/xuezhiai/frontend/dist/static/product-library/final_gallery.html",624,"https://aka.doubaocdn.com/s/Sy6m1vkctK","<img src=""https://aka.doubaocdn.com/s/Sy6m1vkctK""
"/Users/2dqy003/Projects/xuezhiai/frontend/dist/static/talent/design_team.html",224,"https://aka.doubaocdn.com/s/xQNJ1vkhSK","<img src=""https://aka.doubaocdn.com/s/xQNJ1vkhSK""
"/Users/2dqy003/Projects/xuezhiai/frontend/dist/static/talent/design_team.html",264,"https://aka.doubaocdn.com/s/HxGO1vkhSK","<img src=""https://aka.doubaocdn.com/s/HxGO1vkhSK""
"/Users/2dqy003/Projects/xuezhiai/frontend/dist/static/talent/design_team.html",304,"https://aka.doubaocdn.com/s/yhVU1vkhSJ","<img src=""https://aka.doubaocdn.com/s/yhVU1vkhSJ""
"/Users/2dqy003/Projects/xuezhiai/frontend/dist/static/talent/design_team.html",344,"https://aka.doubaocdn.com/s/rNwq1vkhSL","<img src=""https://aka.doubaocdn.com/s/rNwq1vkhSL""
"/Users/2dqy003/Projects/xuezhiai/frontend/dist/static/talent/design_team.html",384,"https://aka.doubaocdn.com/s/0ctx1vkhSK","<img src=""https://aka.doubaocdn.com/s/0ctx1vkhSK""
"/Users/2dqy003/Projects/xuezhiai/frontend/dist/static/talent/design_team.html",424,"https://aka.doubaocdn.com/s/jsBn1vkhSJ","<img src=""https://aka.doubaocdn.com/s/jsBn1vkhSJ""
"/Users/2dqy003/Projects/xuezhiai/frontend/dist/static/talent/construction_team.html",225,"https://aka.doubaocdn.com/s/njid1vkhVG","<img src=""https://aka.doubaocdn.com/s/njid1vkhVG""
"/Users/2dqy003/Projects/xuezhiai/frontend/dist/static/talent/construction_team.html",265,"https://aka.doubaocdn.com/s/pduo1vkhVG","<img src=""https://aka.doubaocdn.com/s/pduo1vkhVG""
"/Users/2dqy003/Projects/xuezhiai/frontend/dist/static/talent/construction_team.html",305,"https://aka.doubaocdn.com/s/gSI31vkhVG","<img src=""https://aka.doubaocdn.com/s/gSI31vkhVG""
"/Users/2dqy003/Projects/xuezhiai/frontend/dist/static/talent/construction_team.html",345,"https://aka.doubaocdn.com/s/o0FZ1vkhVF","<img src=""https://aka.doubaocdn.com/s/o0FZ1vkhVF""
"/Users/2dqy003/Projects/xuezhiai/frontend/dist/static/talent/construction_team.html",385,"https://aka.doubaocdn.com/s/esjp1vkhVG","<img src=""https://aka.doubaocdn.com/s/esjp1vkhVG""
"/Users/2dqy003/Projects/xuezhiai/frontend/dist/static/talent/construction_team.html",425,"https://aka.doubaocdn.com/s/40al1vkhVH","<img src=""https://aka.doubaocdn.com/s/40al1vkhVH""
"/Users/2dqy003/Projects/xuezhiai/frontend/dist/static/talent/engineer_team.html",215,"https://aka.doubaocdn.com/s/aPpx1vkgzi","<img src=""https://aka.doubaocdn.com/s/aPpx1vkgzi""
"/Users/2dqy003/Projects/xuezhiai/frontend/dist/static/talent/engineer_team.html",255,"https://aka.doubaocdn.com/s/gUwu1vkgzi","<img src=""https://aka.doubaocdn.com/s/gUwu1vkgzi""
"/Users/2dqy003/Projects/xuezhiai/frontend/dist/static/talent/engineer_team.html",295,"https://aka.doubaocdn.com/s/EotV1vkgzj","<img src=""https://aka.doubaocdn.com/s/EotV1vkgzj""
"/Users/2dqy003/Projects/xuezhiai/frontend/dist/static/talent/engineer_team.html",335,"https://aka.doubaocdn.com/s/xeUl1vkgzi","<img src=""https://aka.doubaocdn.com/s/xeUl1vkgzi""
"/Users/2dqy003/Projects/xuezhiai/frontend/dist/static/talent/engineer_team.html",375,"https://aka.doubaocdn.com/s/qNir1vkgzj","<img src=""https://aka.doubaocdn.com/s/qNir1vkgzj""
"/Users/2dqy003/Projects/xuezhiai/frontend/dist/static/talent/engineer_team.html",415,"https://aka.doubaocdn.com/s/WIOD1vkgzi","<img src=""https://aka.doubaocdn.com/s/WIOD1vkgzi""
"/Users/2dqy003/Projects/xuezhiai/frontend/dist/static/talent/education_experts.html",224,"https://aka.doubaocdn.com/s/SGVh1vkhPO","<img src=""https://aka.doubaocdn.com/s/SGVh1vkhPO""
"/Users/2dqy003/Projects/xuezhiai/frontend/dist/static/talent/education_experts.html",263,"https://aka.doubaocdn.com/s/6k4w1vkhPO","<img src=""https://aka.doubaocdn.com/s/6k4w1vkhPO""
"/Users/2dqy003/Projects/xuezhiai/frontend/dist/static/talent/education_experts.html",302,"https://aka.doubaocdn.com/s/OYnc1vkhPO","<img src=""https://aka.doubaocdn.com/s/OYnc1vkhPO""
"/Users/2dqy003/Projects/xuezhiai/frontend/dist/static/talent/education_experts.html",341,"https://aka.doubaocdn.com/s/YThE1vkhPN","<img src=""https://aka.doubaocdn.com/s/YThE1vkhPN""
"/Users/2dqy003/Projects/xuezhiai/frontend/dist/static/talent/education_experts.html",380,"https://aka.doubaocdn.com/s/PvWH1vkhPN","<img src=""https://aka.doubaocdn.com/s/PvWH1vkhPN""
"/Users/2dqy003/Projects/xuezhiai/frontend/dist/static/talent/education_experts.html",419,"https://aka.doubaocdn.com/s/kUyu1vkhPO","<img src=""https://aka.doubaocdn.com/s/kUyu1vkhPO""
"/Users/2dqy003/Projects/xuezhiai/frontend/dist/static/talent/integrated_apple_style.html",502,"https://aka.doubaocdn.com/s/aPpx1vkgzi","<img src=""https://aka.doubaocdn.com/s/aPpx1vkgzi""
"/Users/2dqy003/Projects/xuezhiai/frontend/dist/static/talent/integrated_apple_style.html",542,"https://aka.doubaocdn.com/s/gUwu1vkgzi","<img src=""https://aka.doubaocdn.com/s/gUwu1vkgzi""
"/Users/2dqy003/Projects/xuezhiai/frontend/dist/static/talent/integrated_apple_style.html",582,"https://aka.doubaocdn.com/s/EotV1vkgzj","<img src=""https://aka.doubaocdn.com/s/EotV1vkgzj""
"/Users/2dqy003/Projects/xuezhiai/frontend/dist/static/talent/integrated_apple_style.html",622,"https://aka.doubaocdn.com/s/xeUl1vkgzi","<img src=""https://aka.doubaocdn.com/s/xeUl1vkgzi""
"/Users/2dqy003/Projects/xuezhiai/frontend/dist/static/talent/integrated_apple_style.html",662,"https://aka.doubaocdn.com/s/qNir1vkgzj","<img src=""https://aka.doubaocdn.com/s/qNir1vkgzj""
"/Users/2dqy003/Projects/xuezhiai/frontend/dist/static/talent/integrated_apple_style.html",702,"https://aka.doubaocdn.com/s/WIOD1vkgzi","<img src=""https://aka.doubaocdn.com/s/WIOD1vkgzi""
"/Users/2dqy003/Projects/xuezhiai/frontend/aka-url-reports/replace-urls.js",6,"https://aka.doubaocdn.com/s/0ctx1vkhSK","""https://aka.doubaocdn.com/s/0ctx1vkhSK"": """"，"
"/Users/2dqy003/Projects/xuezhiai/frontend/aka-url-reports/replace-urls.js",7,"https://aka.doubaocdn.com/s/1Ouj1vjxpI","""https://aka.doubaocdn.com/s/1Ouj1vjxpI"": """"，"
"/Users/2dqy003/Projects/xuezhiai/frontend/aka-url-reports/replace-urls.js",8,"https://aka.doubaocdn.com/s/2nJ91vjxpI","""https://aka.doubaocdn.com/s/2nJ91vjxpI"": """"，"
"/Users/2dqy003/Projects/xuezhiai/frontend/aka-url-reports/replace-urls.js",9,"https://aka.doubaocdn.com/s/40al1vkhVH","""https://aka.doubaocdn.com/s/40al1vkhVH"": """"，"
"/Users/2dqy003/Projects/xuezhiai/frontend/aka-url-reports/replace-urls.js",10,"https://aka.doubaocdn.com/s/5Ebr1vjxsv","""https://aka.doubaocdn.com/s/5Ebr1vjxsv"": """"，"
"/Users/2dqy003/Projects/xuezhiai/frontend/aka-url-reports/replace-urls.js",11,"https://aka.doubaocdn.com/s/6k4w1vkhPO","""https://aka.doubaocdn.com/s/6k4w1vkhPO"": """"，"
"/Users/2dqy003/Projects/xuezhiai/frontend/aka-url-reports/replace-urls.js",12,"https://aka.doubaocdn.com/s/8RSk1vjxsu","""https://aka.doubaocdn.com/s/8RSk1vjxsu"": """"，"
"/Users/2dqy003/Projects/xuezhiai/frontend/aka-url-reports/replace-urls.js",13,"https://aka.doubaocdn.com/s/8WXG1vkcsz","""https://aka.doubaocdn.com/s/8WXG1vkcsz"": """"，"
"/Users/2dqy003/Projects/xuezhiai/frontend/aka-url-reports/replace-urls.js",14,"https://aka.doubaocdn.com/s/DWVb1vkcsz","""https://aka.doubaocdn.com/s/DWVb1vkcsz"": """"，"
"/Users/2dqy003/Projects/xuezhiai/frontend/aka-url-reports/replace-urls.js",15,"https://aka.doubaocdn.com/s/EotV1vkgzj","""https://aka.doubaocdn.com/s/EotV1vkgzj"": """"，"
"/Users/2dqy003/Projects/xuezhiai/frontend/aka-url-reports/replace-urls.js",16,"https://aka.doubaocdn.com/s/GUgR1vkcno","""https://aka.doubaocdn.com/s/GUgR1vkcno"": """"，"
"/Users/2dqy003/Projects/xuezhiai/frontend/aka-url-reports/replace-urls.js",17,"https://aka.doubaocdn.com/s/HxGO1vkhSK","""https://aka.doubaocdn.com/s/HxGO1vkhSK"": """"，"
"/Users/2dqy003/Projects/xuezhiai/frontend/aka-url-reports/replace-urls.js",18,"https://aka.doubaocdn.com/s/IhD01vjxsu","""https://aka.doubaocdn.com/s/IhD01vjxsu"": """"，"
"/Users/2dqy003/Projects/xuezhiai/frontend/aka-url-reports/replace-urls.js",19,"https://aka.doubaocdn.com/s/L7gu1vkcnq","""https://aka.doubaocdn.com/s/L7gu1vkcnq"": """"，"
"/Users/2dqy003/Projects/xuezhiai/frontend/aka-url-reports/replace-urls.js",20,"https://aka.doubaocdn.com/s/OYnc1vkhPO","""https://aka.doubaocdn.com/s/OYnc1vkhPO"": """"，"
"/Users/2dqy003/Projects/xuezhiai/frontend/aka-url-reports/replace-urls.js",21,"https://aka.doubaocdn.com/s/PvWH1vkhPN","""https://aka.doubaocdn.com/s/PvWH1vkhPN"": """"，"
"/Users/2dqy003/Projects/xuezhiai/frontend/aka-url-reports/replace-urls.js",22,"https://aka.doubaocdn.com/s/RDyR1vkcsz","""https://aka.doubaocdn.com/s/RDyR1vkcsz"": """"，"
"/Users/2dqy003/Projects/xuezhiai/frontend/aka-url-reports/replace-urls.js",23,"https://aka.doubaocdn.com/s/SGVh1vkhPO","""https://aka.doubaocdn.com/s/SGVh1vkhPO"": """"，"
"/Users/2dqy003/Projects/xuezhiai/frontend/aka-url-reports/replace-urls.js",24,"https://aka.doubaocdn.com/s/Sy6m1vkctK","""https://aka.doubaocdn.com/s/Sy6m1vkctK"": """"，"
"/Users/2dqy003/Projects/xuezhiai/frontend/aka-url-reports/replace-urls.js",25,"https://aka.doubaocdn.com/s/TEKW1vkcnp","""https://aka.doubaocdn.com/s/TEKW1vkcnp"": """"，"
"/Users/2dqy003/Projects/xuezhiai/frontend/aka-url-reports/replace-urls.js",26,"https://aka.doubaocdn.com/s/Tx351vkcnv","""https://aka.doubaocdn.com/s/Tx351vkcnv"": """"，"
"/Users/2dqy003/Projects/xuezhiai/frontend/aka-url-reports/replace-urls.js",27,"https://aka.doubaocdn.com/s/Uy161vjxsv","""https://aka.doubaocdn.com/s/Uy161vjxsv"": """"，"
"/Users/2dqy003/Projects/xuezhiai/frontend/aka-url-reports/replace-urls.js",28,"https://aka.doubaocdn.com/s/WIOD1vkgzi","""https://aka.doubaocdn.com/s/WIOD1vkgzi"": """"，"
"/Users/2dqy003/Projects/xuezhiai/frontend/aka-url-reports/replace-urls.js",29,"https://aka.doubaocdn.com/s/XeTd1vjxkH","""https://aka.doubaocdn.com/s/XeTd1vjxkH"": """"，"
"/Users/2dqy003/Projects/xuezhiai/frontend/aka-url-reports/replace-urls.js",30,"https://aka.doubaocdn.com/s/YThE1vkhPN","""https://aka.doubaocdn.com/s/YThE1vkhPN"": """"，"
"/Users/2dqy003/Projects/xuezhiai/frontend/aka-url-reports/replace-urls.js",31,"https://aka.doubaocdn.com/s/Ytop1vjxsu","""https://aka.doubaocdn.com/s/Ytop1vjxsu"": """"，"
"/Users/2dqy003/Projects/xuezhiai/frontend/aka-url-reports/replace-urls.js",32,"https://aka.doubaocdn.com/s/Z0h91vjxpI","""https://aka.doubaocdn.com/s/Z0h91vjxpI"": """"，"
"/Users/2dqy003/Projects/xuezhiai/frontend/aka-url-reports/replace-urls.js",33,"https://aka.doubaocdn.com/s/aPpx1vkgzi","""https://aka.doubaocdn.com/s/aPpx1vkgzi"": """"，"
"/Users/2dqy003/Projects/xuezhiai/frontend/aka-url-reports/replace-urls.js",34,"https://aka.doubaocdn.com/s/bnnk1vkcsy","""https://aka.doubaocdn.com/s/bnnk1vkcsy"": """"，"
"/Users/2dqy003/Projects/xuezhiai/frontend/aka-url-reports/replace-urls.js",35,"https://aka.doubaocdn.com/s/e1nF1vjxpI","""https://aka.doubaocdn.com/s/e1nF1vjxpI"": """"，"
"/Users/2dqy003/Projects/xuezhiai/frontend/aka-url-reports/replace-urls.js",36,"https://aka.doubaocdn.com/s/esjp1vkhVG","""https://aka.doubaocdn.com/s/esjp1vkhVG"": """"，"
"/Users/2dqy003/Projects/xuezhiai/frontend/aka-url-reports/replace-urls.js",37,"https://aka.doubaocdn.com/s/f5531vjxpK","""https://aka.doubaocdn.com/s/f5531vjxpK"": """"，"
"/Users/2dqy003/Projects/xuezhiai/frontend/aka-url-reports/replace-urls.js",38,"https://aka.doubaocdn.com/s/g8U01vjxpH","""https://aka.doubaocdn.com/s/g8U01vjxpH"": """"，"
"/Users/2dqy003/Projects/xuezhiai/frontend/aka-url-reports/replace-urls.js",39,"https://aka.doubaocdn.com/s/gSI31vkhVG","""https://aka.doubaocdn.com/s/gSI31vkhVG"": """"，"
"/Users/2dqy003/Projects/xuezhiai/frontend/aka-url-reports/replace-urls.js",40,"https://aka.doubaocdn.com/s/gUwu1vkgzi","""https://aka.doubaocdn.com/s/gUwu1vkgzi"": """"，"
"/Users/2dqy003/Projects/xuezhiai/frontend/aka-url-reports/replace-urls.js",41,"https://aka.doubaocdn.com/s/is371vkcnz","""https://aka.doubaocdn.com/s/is371vkcnz"": """"，"
"/Users/2dqy003/Projects/xuezhiai/frontend/aka-url-reports/replace-urls.js",42,"https://aka.doubaocdn.com/s/jsBn1vkhSJ","""https://aka.doubaocdn.com/s/jsBn1vkhSJ"": """"，"
"/Users/2dqy003/Projects/xuezhiai/frontend/aka-url-reports/replace-urls.js",43,"https://aka.doubaocdn.com/s/kUyu1vkhPO","""https://aka.doubaocdn.com/s/kUyu1vkhPO"": """"，"
"/Users/2dqy003/Projects/xuezhiai/frontend/aka-url-reports/replace-urls.js",44,"https://aka.doubaocdn.com/s/njid1vkhVG","""https://aka.doubaocdn.com/s/njid1vkhVG"": """"，"
"/Users/2dqy003/Projects/xuezhiai/frontend/aka-url-reports/replace-urls.js",45,"https://aka.doubaocdn.com/s/o0FZ1vkhVF","""https://aka.doubaocdn.com/s/o0FZ1vkhVF"": """"，"
"/Users/2dqy003/Projects/xuezhiai/frontend/aka-url-reports/replace-urls.js",46,"https://aka.doubaocdn.com/s/pTfj1vjxsu","""https://aka.doubaocdn.com/s/pTfj1vjxsu"": """"，"
"/Users/2dqy003/Projects/xuezhiai/frontend/aka-url-reports/replace-urls.js",47,"https://aka.doubaocdn.com/s/paxw1vkcnq","""https://aka.doubaocdn.com/s/paxw1vkcnq"": """"，"
"/Users/2dqy003/Projects/xuezhiai/frontend/aka-url-reports/replace-urls.js",48,"https://aka.doubaocdn.com/s/pduo1vkhVG","""https://aka.doubaocdn.com/s/pduo1vkhVG"": """"，"
"/Users/2dqy003/Projects/xuezhiai/frontend/aka-url-reports/replace-urls.js",49,"https://aka.doubaocdn.com/s/qM301vkct0","""https://aka.doubaocdn.com/s/qM301vkct0"": """"，"
"/Users/2dqy003/Projects/xuezhiai/frontend/aka-url-reports/replace-urls.js",50,"https://aka.doubaocdn.com/s/qNir1vkgzj","""https://aka.doubaocdn.com/s/qNir1vkgzj"": """"，"
"/Users/2dqy003/Projects/xuezhiai/frontend/aka-url-reports/replace-urls.js",51,"https://aka.doubaocdn.com/s/rNwq1vkhSL","""https://aka.doubaocdn.com/s/rNwq1vkhSL"": """"，"
"/Users/2dqy003/Projects/xuezhiai/frontend/aka-url-reports/replace-urls.js",52,"https://aka.doubaocdn.com/s/w7m81vkcsz","""https://aka.doubaocdn.com/s/w7m81vkcsz"": """"，"
"/Users/2dqy003/Projects/xuezhiai/frontend/aka-url-reports/replace-urls.js",53,"https://aka.doubaocdn.com/s/xQNJ1vkhSK","""https://aka.doubaocdn.com/s/xQNJ1vkhSK"": """"，"
"/Users/2dqy003/Projects/xuezhiai/frontend/aka-url-reports/replace-urls.js",54,"https://aka.doubaocdn.com/s/xeUl1vkgzi","""https://aka.doubaocdn.com/s/xeUl1vkgzi"": """"，"
"/Users/2dqy003/Projects/xuezhiai/frontend/aka-url-reports/replace-urls.js",55,"https://aka.doubaocdn.com/s/yhVU1vkhSJ","""https://aka.doubaocdn.com/s/yhVU1vkhSJ"": """""
"/Users/2dqy003/Projects/xuezhiai/frontend/public/static/product-library/final_gallery.html",159,"https://aka.doubaocdn.com/s/Z0h91vjxpI","<img src=""https://aka.doubaocdn.com/s/Z0h91vjxpI""
"/Users/2dqy003/Projects/xuezhiai/frontend/public/static/product-library/final_gallery.html",174,"https://aka.doubaocdn.com/s/g8U01vjxpH","<img src=""https://aka.doubaocdn.com/s/g8U01vjxpH""
"/Users/2dqy003/Projects/xuezhiai/frontend/public/static/product-library/final_gallery.html",189,"https://aka.doubaocdn.com/s/1Ouj1vjxpI","<img src=""https://aka.doubaocdn.com/s/1Ouj1vjxpI""
"/Users/2dqy003/Projects/xuezhiai/frontend/public/static/product-library/final_gallery.html",213,"https://aka.doubaocdn.com/s/8RSk1vjxsu","<img src=""https://aka.doubaocdn.com/s/8RSk1vjxsu""
"/Users/2dqy003/Projects/xuezhiai/frontend/public/static/product-library/final_gallery.html",228,"https://aka.doubaocdn.com/s/e1nF1vjxpI","<img src=""https://aka.doubaocdn.com/s/e1nF1vjxpI""
"/Users/2dqy003/Projects/xuezhiai/frontend/public/static/product-library/final_gallery.html",243,"https://aka.doubaocdn.com/s/IhD01vjxsu","<img src=""https://aka.doubaocdn.com/s/IhD01vjxsu""
"/Users/2dqy003/Projects/xuezhiai/frontend/public/static/product-library/final_gallery.html",267,"https://aka.doubaocdn.com/s/Ytop1vjxsu","<img src=""https://aka.doubaocdn.com/s/Ytop1vjxsu""
"/Users/2dqy003/Projects/xuezhiai/frontend/public/static/product-library/final_gallery.html",282,"https://aka.doubaocdn.com/s/Uy161vjxsv","<img src=""https://aka.doubaocdn.com/s/Uy161vjxsv""
"/Users/2dqy003/Projects/xuezhiai/frontend/public/static/product-library/final_gallery.html",306,"https://aka.doubaocdn.com/s/pTfj1vjxsu","<img src=""https://aka.doubaocdn.com/s/pTfj1vjxsu""
"/Users/2dqy003/Projects/xuezhiai/frontend/public/static/product-library/final_gallery.html",321,"https://aka.doubaocdn.com/s/f5531vjxpK","<img src=""https://aka.doubaocdn.com/s/f5531vjxpK""
"/Users/2dqy003/Projects/xuezhiai/frontend/public/static/product-library/final_gallery.html",336,"https://aka.doubaocdn.com/s/5Ebr1vjxsv","<img src=""https://aka.doubaocdn.com/s/5Ebr1vjxsv""
"/Users/2dqy003/Projects/xuezhiai/frontend/public/static/product-library/final_gallery.html",360,"https://aka.doubaocdn.com/s/2nJ91vjxpI","<img src=""https://aka.doubaocdn.com/s/2nJ91vjxpI""
"/Users/2dqy003/Projects/xuezhiai/frontend/public/static/product-library/final_gallery.html",375,"https://aka.doubaocdn.com/s/XeTd1vjxkH","<img src=""https://aka.doubaocdn.com/s/XeTd1vjxkH""
"/Users/2dqy003/Projects/xuezhiai/frontend/public/static/product-library/final_gallery.html",411,"https://aka.doubaocdn.com/s/is371vkcnz","<img src=""https://aka.doubaocdn.com/s/is371vkcnz""
"/Users/2dqy003/Projects/xuezhiai/frontend/public/static/product-library/final_gallery.html",426,"https://aka.doubaocdn.com/s/GUgR1vkcno","<img src=""https://aka.doubaocdn.com/s/GUgR1vkcno""
"/Users/2dqy003/Projects/xuezhiai/frontend/public/static/product-library/final_gallery.html",441,"https://aka.doubaocdn.com/s/w7m81vkcsz","<img src=""https://aka.doubaocdn.com/s/w7m81vkcsz""
"/Users/2dqy003/Projects/xuezhiai/frontend/public/static/product-library/final_gallery.html",456,"https://aka.doubaocdn.com/s/bnnk1vkcsy","<img src=""https://aka.doubaocdn.com/s/bnnk1vkcsy""
"/Users/2dqy003/Projects/xuezhiai/frontend/public/static/product-library/final_gallery.html",482,"https://aka.doubaocdn.com/s/paxw1vkcnq","<img src=""https://aka.doubaocdn.com/s/paxw1vkcnq""
"/Users/2dqy003/Projects/xuezhiai/frontend/public/static/product-library/final_gallery.html",497,"https://aka.doubaocdn.com/s/L7gu1vkcnq","<img src=""https://aka.doubaocdn.com/s/L7gu1vkcnq""
"/Users/2dqy003/Projects/xuezhiai/frontend/public/static/product-library/final_gallery.html",512,"https://aka.doubaocdn.com/s/DWVb1vkcsz","<img src=""https://aka.doubaocdn.com/s/DWVb1vkcsz""
"/Users/2dqy003/Projects/xuezhiai/frontend/public/static/product-library/final_gallery.html",527,"https://aka.doubaocdn.com/s/qM301vkct0","<img src=""https://aka.doubaocdn.com/s/qM301vkct0""
"/Users/2dqy003/Projects/xuezhiai/frontend/public/static/product-library/final_gallery.html",553,"https://aka.doubaocdn.com/s/Tx351vkcnv","<img src=""https://aka.doubaocdn.com/s/Tx351vkcnv""
"/Users/2dqy003/Projects/xuezhiai/frontend/public/static/product-library/final_gallery.html",568,"https://aka.doubaocdn.com/s/TEKW1vkcnp","<img src=""https://aka.doubaocdn.com/s/TEKW1vkcnp""
"/Users/2dqy003/Projects/xuezhiai/frontend/public/static/product-library/final_gallery.html",583,"https://aka.doubaocdn.com/s/RDyR1vkcsz","<img src=""https://aka.doubaocdn.com/s/RDyR1vkcsz""
"/Users/2dqy003/Projects/xuezhiai/frontend/public/static/product-library/final_gallery.html",598,"https://aka.doubaocdn.com/s/8WXG1vkcsz","<img src=""https://aka.doubaocdn.com/s/8WXG1vkcsz""
"/Users/2dqy003/Projects/xuezhiai/frontend/public/static/product-library/final_gallery.html",624,"https://aka.doubaocdn.com/s/Sy6m1vkctK","<img src=""https://aka.doubaocdn.com/s/Sy6m1vkctK""
"/Users/2dqy003/Projects/xuezhiai/frontend/public/static/talent/design_team.html",224,"https://aka.doubaocdn.com/s/xQNJ1vkhSK","<img src=""https://aka.doubaocdn.com/s/xQNJ1vkhSK""
"/Users/2dqy003/Projects/xuezhiai/frontend/public/static/talent/design_team.html",264,"https://aka.doubaocdn.com/s/HxGO1vkhSK","<img src=""https://aka.doubaocdn.com/s/HxGO1vkhSK""
"/Users/2dqy003/Projects/xuezhiai/frontend/public/static/talent/design_team.html",304,"https://aka.doubaocdn.com/s/yhVU1vkhSJ","<img src=""https://aka.doubaocdn.com/s/yhVU1vkhSJ""
"/Users/2dqy003/Projects/xuezhiai/frontend/public/static/talent/design_team.html",344,"https://aka.doubaocdn.com/s/rNwq1vkhSL","<img src=""https://aka.doubaocdn.com/s/rNwq1vkhSL""
"/Users/2dqy003/Projects/xuezhiai/frontend/public/static/talent/design_team.html",384,"https://aka.doubaocdn.com/s/0ctx1vkhSK","<img src=""https://aka.doubaocdn.com/s/0ctx1vkhSK""
"/Users/2dqy003/Projects/xuezhiai/frontend/public/static/talent/design_team.html",424,"https://aka.doubaocdn.com/s/jsBn1vkhSJ","<img src=""https://aka.doubaocdn.com/s/jsBn1vkhSJ""
"/Users/2dqy003/Projects/xuezhiai/frontend/public/static/talent/construction_team.html",225,"https://aka.doubaocdn.com/s/njid1vkhVG","<img src=""https://aka.doubaocdn.com/s/njid1vkhVG""
"/Users/2dqy003/Projects/xuezhiai/frontend/public/static/talent/construction_team.html",265,"https://aka.doubaocdn.com/s/pduo1vkhVG","<img src=""https://aka.doubaocdn.com/s/pduo1vkhVG""
"/Users/2dqy003/Projects/xuezhiai/frontend/public/static/talent/construction_team.html",305,"https://aka.doubaocdn.com/s/gSI31vkhVG","<img src=""https://aka.doubaocdn.com/s/gSI31vkhVG""
"/Users/2dqy003/Projects/xuezhiai/frontend/public/static/talent/construction_team.html",345,"https://aka.doubaocdn.com/s/o0FZ1vkhVF","<img src=""https://aka.doubaocdn.com/s/o0FZ1vkhVF""
"/Users/2dqy003/Projects/xuezhiai/frontend/public/static/talent/construction_team.html",385,"https://aka.doubaocdn.com/s/esjp1vkhVG","<img src=""https://aka.doubaocdn.com/s/esjp1vkhVG""
"/Users/2dqy003/Projects/xuezhiai/frontend/public/static/talent/construction_team.html",425,"https://aka.doubaocdn.com/s/40al1vkhVH","<img src=""https://aka.doubaocdn.com/s/40al1vkhVH""
"/Users/2dqy003/Projects/xuezhiai/frontend/public/static/talent/engineer_team.html",215,"https://aka.doubaocdn.com/s/aPpx1vkgzi","<img src=""https://aka.doubaocdn.com/s/aPpx1vkgzi""
"/Users/2dqy003/Projects/xuezhiai/frontend/public/static/talent/engineer_team.html",255,"https://aka.doubaocdn.com/s/gUwu1vkgzi","<img src=""https://aka.doubaocdn.com/s/gUwu1vkgzi""
"/Users/2dqy003/Projects/xuezhiai/frontend/public/static/talent/engineer_team.html",295,"https://aka.doubaocdn.com/s/EotV1vkgzj","<img src=""https://aka.doubaocdn.com/s/EotV1vkgzj""
"/Users/2dqy003/Projects/xuezhiai/frontend/public/static/talent/engineer_team.html",335,"https://aka.doubaocdn.com/s/xeUl1vkgzi","<img src=""https://aka.doubaocdn.com/s/xeUl1vkgzi""
"/Users/2dqy003/Projects/xuezhiai/frontend/public/static/talent/engineer_team.html",375,"https://aka.doubaocdn.com/s/qNir1vkgzj","<img src=""https://aka.doubaocdn.com/s/qNir1vkgzj""
"/Users/2dqy003/Projects/xuezhiai/frontend/public/static/talent/engineer_team.html",415,"https://aka.doubaocdn.com/s/WIOD1vkgzi","<img src=""https://aka.doubaocdn.com/s/WIOD1vkgzi""
"/Users/2dqy003/Projects/xuezhiai/frontend/public/static/talent/education_experts.html",224,"https://aka.doubaocdn.com/s/SGVh1vkhPO","<img src=""https://aka.doubaocdn.com/s/SGVh1vkhPO""
"/Users/2dqy003/Projects/xuezhiai/frontend/public/static/talent/education_experts.html",263,"https://aka.doubaocdn.com/s/6k4w1vkhPO","<img src=""https://aka.doubaocdn.com/s/6k4w1vkhPO""
"/Users/2dqy003/Projects/xuezhiai/frontend/public/static/talent/education_experts.html",302,"https://aka.doubaocdn.com/s/OYnc1vkhPO","<img src=""https://aka.doubaocdn.com/s/OYnc1vkhPO""
"/Users/2dqy003/Projects/xuezhiai/frontend/public/static/talent/education_experts.html",341,"https://aka.doubaocdn.com/s/YThE1vkhPN","<img src=""https://aka.doubaocdn.com/s/YThE1vkhPN""
"/Users/2dqy003/Projects/xuezhiai/frontend/public/static/talent/education_experts.html",380,"https://aka.doubaocdn.com/s/PvWH1vkhPN","<img src=""https://aka.doubaocdn.com/s/PvWH1vkhPN""
"/Users/2dqy003/Projects/xuezhiai/frontend/public/static/talent/education_experts.html",419,"https://aka.doubaocdn.com/s/kUyu1vkhPO","<img src=""https://aka.doubaocdn.com/s/kUyu1vkhPO""
"/Users/2dqy003/Projects/xuezhiai/frontend/public/static/talent/integrated_apple_style.html",502,"https://aka.doubaocdn.com/s/aPpx1vkgzi","<img src=""https://aka.doubaocdn.com/s/aPpx1vkgzi""
"/Users/2dqy003/Projects/xuezhiai/frontend/public/static/talent/integrated_apple_style.html",542,"https://aka.doubaocdn.com/s/gUwu1vkgzi","<img src=""https://aka.doubaocdn.com/s/gUwu1vkgzi""
"/Users/2dqy003/Projects/xuezhiai/frontend/public/static/talent/integrated_apple_style.html",582,"https://aka.doubaocdn.com/s/EotV1vkgzj","<img src=""https://aka.doubaocdn.com/s/EotV1vkgzj""
"/Users/2dqy003/Projects/xuezhiai/frontend/public/static/talent/integrated_apple_style.html",622,"https://aka.doubaocdn.com/s/xeUl1vkgzi","<img src=""https://aka.doubaocdn.com/s/xeUl1vkgzi""
"/Users/2dqy003/Projects/xuezhiai/frontend/public/static/talent/integrated_apple_style.html",662,"https://aka.doubaocdn.com/s/qNir1vkgzj","<img src=""https://aka.doubaocdn.com/s/qNir1vkgzj""
"/Users/2dqy003/Projects/xuezhiai/frontend/public/static/talent/integrated_apple_style.html",702,"https://aka.doubaocdn.com/s/WIOD1vkgzi","<img src=""https://aka.doubaocdn.com/s/WIOD1vkgzi""
"/Users/2dqy003/Projects/xuezhiai/frontend/src/pages/ProductGallery.jsx",138,"https://aka.doubaocdn.com/s/Z0h91vjxpI","src=""https://aka.doubaocdn.com/s/Z0h91vjxpI"""
"/Users/2dqy003/Projects/xuezhiai/frontend/src/pages/ProductGallery.jsx",155,"https://aka.doubaocdn.com/s/g8U01vjxpH","src=""https://aka.doubaocdn.com/s/g8U01vjxpH"""
"/Users/2dqy003/Projects/xuezhiai/frontend/src/pages/ProductGallery.jsx",172,"https://aka.doubaocdn.com/s/1Ouj1vjxpI","src=""https://aka.doubaocdn.com/s/1Ouj1vjxpI"""
"/Users/2dqy003/Projects/xuezhiai/frontend/src/pages/ProductGallery.jsx",198,"https://aka.doubaocdn.com/s/8RSk1vjxsu","src=""https://aka.doubaocdn.com/s/8RSk1vjxsu"""
"/Users/2dqy003/Projects/xuezhiai/frontend/src/pages/ProductGallery.jsx",215,"https://aka.doubaocdn.com/s/e1nF1vjxpI","src=""https://aka.doubaocdn.com/s/e1nF1vjxpI"""
"/Users/2dqy003/Projects/xuezhiai/frontend/src/pages/ProductGallery.jsx",232,"https://aka.doubaocdn.com/s/IhD01vjxsu","src=""https://aka.doubaocdn.com/s/IhD01vjxsu"""
"/Users/2dqy003/Projects/xuezhiai/frontend/src/pages/ProductGallery.jsx",258,"https://aka.doubaocdn.com/s/Ytop1vjxsu","src=""https://aka.doubaocdn.com/s/Ytop1vjxsu"""
"/Users/2dqy003/Projects/xuezhiai/frontend/src/pages/ProductGallery.jsx",275,"https://aka.doubaocdn.com/s/Uy161vjxsv","src=""https://aka.doubaocdn.com/s/Uy161vjxsv"""
"/Users/2dqy003/Projects/xuezhiai/frontend/src/pages/ProductGallery.jsx",301,"https://aka.doubaocdn.com/s/pTfj1vjxsu","src=""https://aka.doubaocdn.com/s/pTfj1vjxsu"""
"/Users/2dqy003/Projects/xuezhiai/frontend/src/pages/ProductGallery.jsx",318,"https://aka.doubaocdn.com/s/f5531vjxpK","src=""https://aka.doubaocdn.com/s/f5531vjxpK"""
"/Users/2dqy003/Projects/xuezhiai/frontend/src/pages/ProductGallery.jsx",335,"https://aka.doubaocdn.com/s/5Ebr1vjxsv","src=""https://aka.doubaocdn.com/s/5Ebr1vjxsv"""
"/Users/2dqy003/Projects/xuezhiai/frontend/src/pages/ProductGallery.jsx",361,"https://aka.doubaocdn.com/s/2nJ91vjxpI","src=""https://aka.doubaocdn.com/s/2nJ91vjxpI"""
"/Users/2dqy003/Projects/xuezhiai/frontend/src/pages/ProductGallery.jsx",378,"https://aka.doubaocdn.com/s/XeTd1vjxkH","src=""https://aka.doubaocdn.com/s/XeTd1vjxkH"""
"/Users/2dqy003/Projects/xuezhiai/frontend/src/pages/ProductGallery.jsx",416,"https://aka.doubaocdn.com/s/is371vkcnz","src=""https://aka.doubaocdn.com/s/is371vkcnz"""
"/Users/2dqy003/Projects/xuezhiai/frontend/src/pages/ProductGallery.jsx",433,"https://aka.doubaocdn.com/s/GUgR1vkcno","src=""https://aka.doubaocdn.com/s/GUgR1vkcno"""
"/Users/2dqy003/Projects/xuezhiai/frontend/src/pages/ProductGallery.jsx",450,"https://aka.doubaocdn.com/s/w7m81vkcsz","src=""https://aka.doubaocdn.com/s/w7m81vkcsz"""
"/Users/2dqy003/Projects/xuezhiai/frontend/src/pages/ProductGallery.jsx",467,"https://aka.doubaocdn.com/s/bnnk1vkcsy","src=""https://aka.doubaocdn.com/s/bnnk1vkcsy"""
"/Users/2dqy003/Projects/xuezhiai/frontend/src/pages/ProductGallery.jsx",495,"https://aka.doubaocdn.com/s/paxw1vkcnq","src=""https://aka.doubaocdn.com/s/paxw1vkcnq"""
"/Users/2dqy003/Projects/xuezhiai/frontend/src/pages/ProductGallery.jsx",512,"https://aka.doubaocdn.com/s/L7gu1vkcnq","src=""https://aka.doubaocdn.com/s/L7gu1vkcnq"""
"/Users/2dqy003/Projects/xuezhiai/frontend/src/pages/ProductGallery.jsx",529,"https://aka.doubaocdn.com/s/DWVb1vkcsz","src=""https://aka.doubaocdn.com/s/DWVb1vkcsz"""
"/Users/2dqy003/Projects/xuezhiai/frontend/src/pages/ProductGallery.jsx",546,"https://aka.doubaocdn.com/s/qM301vkct0","src=""https://aka.doubaocdn.com/s/qM301vkct0"""
"/Users/2dqy003/Projects/xuezhiai/frontend/src/pages/ProductGallery.jsx",574,"https://aka.doubaocdn.com/s/Tx351vkcnv","src=""https://aka.doubaocdn.com/s/Tx351vkcnv"""
"/Users/2dqy003/Projects/xuezhiai/frontend/src/pages/ProductGallery.jsx",591,"https://aka.doubaocdn.com/s/TEKW1vkcnp","src=""https://aka.doubaocdn.com/s/TEKW1vkcnp"""
"/Users/2dqy003/Projects/xuezhiai/frontend/src/pages/ProductGallery.jsx",608,"https://aka.doubaocdn.com/s/RDyR1vkcsz","src=""https://aka.doubaocdn.com/s/RDyR1vkcsz"""
"/Users/2dqy003/Projects/xuezhiai/frontend/src/pages/ProductGallery.jsx",625,"https://aka.doubaocdn.com/s/8WXG1vkcsz","src=""https://aka.doubaocdn.com/s/8WXG1vkcsz"""
"/Users/2dqy003/Projects/xuezhiai/frontend/src/pages/ProductGallery.jsx",653,"https://aka.doubaocdn.com/s/Sy6m1vkctK","src=""https://aka.doubaocdn.com/s/Sy6m1vkctK"""
